<?xml version="1.0" encoding="UTF-8" standalone="no"?><configurationDescriptor version="65">
  <logicalFolder displayName="root" name="root" projectFiles="true">
    <logicalFolder displayName="Header Files" name="HeaderFiles" projectFiles="true">
      <logicalFolder displayName="MCC Generated Files" name="MCC Generated Files" projectFiles="true">
        <logicalFolder displayName="drivers" name="drivers" projectFiles="true">
          <itemPath>mcc_generated_files/drivers/i2c_simple_master.h</itemPath>
        </logicalFolder>
        <logicalFolder displayName="examples" name="examples" projectFiles="true">
          <itemPath>mcc_generated_files/examples/i2c1_master_example.h</itemPath>
        </logicalFolder>
        <itemPath>mcc_generated_files/interrupt_manager.h</itemPath>
        <itemPath>mcc_generated_files/tmr1.h</itemPath>
        <itemPath>mcc_generated_files/pin_manager.h</itemPath>
        <itemPath>mcc_generated_files/uart1.h</itemPath>
        <itemPath>mcc_generated_files/mcc.h</itemPath>
        <itemPath>mcc_generated_files/device_config.h</itemPath>
        <itemPath>mcc_generated_files/i2c1_master.h</itemPath>
        <itemPath>mcc_generated_files/delay.h</itemPath>
        <itemPath>mcc_generated_files/adcc.h</itemPath>
        <itemPath>mcc_generated_files/uart3.h</itemPath>
      </logicalFolder>
      <itemPath>bme280.h</itemPath>
      <itemPath>sensorHandling.h</itemPath>
      <itemPath>sendData.h</itemPath>
    </logicalFolder>
    <logicalFolder displayName="Linker Files" name="LinkerScript" projectFiles="true">
    </logicalFolder>
    <logicalFolder displayName="Source Files" name="SourceFiles" projectFiles="true">
      <logicalFolder displayName="MCC Generated Files" name="MCC Generated Files" projectFiles="true">
        <logicalFolder displayName="docs" name="docs" projectFiles="true">
          <itemPath>mcc_generated_files/docs/i2c_simple.dox</itemPath>
          <itemPath>mcc_generated_files/docs/delay.dox</itemPath>
        </logicalFolder>
        <logicalFolder displayName="drivers" name="drivers" projectFiles="true">
          <itemPath>mcc_generated_files/drivers/i2c_simple_master.c</itemPath>
        </logicalFolder>
        <logicalFolder displayName="examples" name="examples" projectFiles="true">
          <itemPath>mcc_generated_files/examples/i2c1_master_example.c</itemPath>
        </logicalFolder>
        <itemPath>mcc_generated_files/interrupt_manager.c</itemPath>
        <itemPath>mcc_generated_files/uart1.c</itemPath>
        <itemPath>mcc_generated_files/i2c1_master.c</itemPath>
        <itemPath>mcc_generated_files/pin_manager.c</itemPath>
        <itemPath>mcc_generated_files/device_config.c</itemPath>
        <itemPath>mcc_generated_files/mcc.c</itemPath>
        <itemPath>mcc_generated_files/tmr1.c</itemPath>
        <itemPath>mcc_generated_files/delay.c</itemPath>
        <itemPath>mcc_generated_files/adcc.c</itemPath>
        <itemPath>mcc_generated_files/uart3.c</itemPath>
      </logicalFolder>
      <itemPath>main.c</itemPath>
      <itemPath>bme280.c</itemPath>
      <itemPath>sensorHandling.c</itemPath>
      <itemPath>sendData.c</itemPath>
    </logicalFolder>
    <logicalFolder displayName="Important Files" name="ExternalFiles" projectFiles="false">
      <logicalFolder displayName="default.mhc" name="f1" projectFiles="true">
        <logicalFolder displayName="System_Configuration" name="f1" projectFiles="true">
          <logicalFolder displayName="TCP_IP_STACK" name="f1" projectFiles="true">
            <logicalFolder displayName="APPLICATION_LAYER" name="f1" projectFiles="true">
              <itemPath>../../0811AnyCloud3rd/PIC32MZW1_AnyCloud/firmware/src/config/default/default.mhc/System_Configuration/TCP_IP_STACK/APPLICATION_LAYER/APPLICATION_LAYER.yml</itemPath>
              <itemPath>../../0811AnyCloud3rd/PIC32MZW1_AnyCloud/firmware/src/config/default/default.mhc/System_Configuration/TCP_IP_STACK/APPLICATION_LAYER/tcpipDhcp.yml</itemPath>
              <itemPath>../../0811AnyCloud3rd/PIC32MZW1_AnyCloud/firmware/src/config/default/default.mhc/System_Configuration/TCP_IP_STACK/APPLICATION_LAYER/tcpipDhcps.yml</itemPath>
              <itemPath>../../0811AnyCloud3rd/PIC32MZW1_AnyCloud/firmware/src/config/default/default.mhc/System_Configuration/TCP_IP_STACK/APPLICATION_LAYER/tcpipDns.yml</itemPath>
              <itemPath>../../0811AnyCloud3rd/PIC32MZW1_AnyCloud/firmware/src/config/default/default.mhc/System_Configuration/TCP_IP_STACK/APPLICATION_LAYER/tcpipSntp.yml</itemPath>
              <itemPath>../../0811AnyCloud3rd/PIC32MZW1_AnyCloud/firmware/src/config/default/default.mhc/System_Configuration/TCP_IP_STACK/APPLICATION_LAYER/tcpip_apps_config.yml</itemPath>
            </logicalFolder>
            <logicalFolder displayName="BASIC_CONFIGURATION" name="f2" projectFiles="true">
              <itemPath>../../0811AnyCloud3rd/PIC32MZW1_AnyCloud/firmware/src/config/default/default.mhc/System_Configuration/TCP_IP_STACK/BASIC_CONFIGURATION/BASIC_CONFIGURATION.yml</itemPath>
              <itemPath>../../0811AnyCloud3rd/PIC32MZW1_AnyCloud/firmware/src/config/default/default.mhc/System_Configuration/TCP_IP_STACK/BASIC_CONFIGURATION/tcpip_basic_config.yml</itemPath>
            </logicalFolder>
            <logicalFolder displayName="DRIVER_LAYER" name="f3" projectFiles="true">
              <itemPath>../../0811AnyCloud3rd/PIC32MZW1_AnyCloud/firmware/src/config/default/default.mhc/System_Configuration/TCP_IP_STACK/DRIVER_LAYER/DRIVER_LAYER.yml</itemPath>
              <itemPath>../../0811AnyCloud3rd/PIC32MZW1_AnyCloud/firmware/src/config/default/default.mhc/System_Configuration/TCP_IP_STACK/DRIVER_LAYER/tcpip_driver_config.yml</itemPath>
            </logicalFolder>
            <logicalFolder displayName="NETWORK_LAYER" name="f4" projectFiles="true">
              <itemPath>../../0811AnyCloud3rd/PIC32MZW1_AnyCloud/firmware/src/config/default/default.mhc/System_Configuration/TCP_IP_STACK/NETWORK_LAYER/NETWORK_LAYER.yml</itemPath>
              <itemPath>../../0811AnyCloud3rd/PIC32MZW1_AnyCloud/firmware/src/config/default/default.mhc/System_Configuration/TCP_IP_STACK/NETWORK_LAYER/tcpipArp.yml</itemPath>
              <itemPath>../../0811AnyCloud3rd/PIC32MZW1_AnyCloud/firmware/src/config/default/default.mhc/System_Configuration/TCP_IP_STACK/NETWORK_LAYER/tcpipIcmp.yml</itemPath>
              <itemPath>../../0811AnyCloud3rd/PIC32MZW1_AnyCloud/firmware/src/config/default/default.mhc/System_Configuration/TCP_IP_STACK/NETWORK_LAYER/tcpipIgmp.yml</itemPath>
              <itemPath>../../0811AnyCloud3rd/PIC32MZW1_AnyCloud/firmware/src/config/default/default.mhc/System_Configuration/TCP_IP_STACK/NETWORK_LAYER/tcpipIPv4.yml</itemPath>
              <itemPath>../../0811AnyCloud3rd/PIC32MZW1_AnyCloud/firmware/src/config/default/default.mhc/System_Configuration/TCP_IP_STACK/NETWORK_LAYER/tcpip_network_config.yml</itemPath>
            </logicalFolder>
            <logicalFolder displayName="PRESENTATION_LAYER" name="f5" projectFiles="true">
              <itemPath>../../0811AnyCloud3rd/PIC32MZW1_AnyCloud/firmware/src/config/default/default.mhc/System_Configuration/TCP_IP_STACK/PRESENTATION_LAYER/net_Pres.yml</itemPath>
              <itemPath>../../0811AnyCloud3rd/PIC32MZW1_AnyCloud/firmware/src/config/default/default.mhc/System_Configuration/TCP_IP_STACK/PRESENTATION_LAYER/PRESENTATION_LAYER.yml</itemPath>
            </logicalFolder>
            <logicalFolder displayName="TRANSPORT_LAYER" name="f6" projectFiles="true">
              <itemPath>../../0811AnyCloud3rd/PIC32MZW1_AnyCloud/firmware/src/config/default/default.mhc/System_Configuration/TCP_IP_STACK/TRANSPORT_LAYER/tcpipTcp.yml</itemPath>
              <itemPath>../../0811AnyCloud3rd/PIC32MZW1_AnyCloud/firmware/src/config/default/default.mhc/System_Configuration/TCP_IP_STACK/TRANSPORT_LAYER/tcpipUdp.yml</itemPath>
              <itemPath>../../0811AnyCloud3rd/PIC32MZW1_AnyCloud/firmware/src/config/default/default.mhc/System_Configuration/TCP_IP_STACK/TRANSPORT_LAYER/tcpip_transport_config.yml</itemPath>
              <itemPath>../../0811AnyCloud3rd/PIC32MZW1_AnyCloud/firmware/src/config/default/default.mhc/System_Configuration/TCP_IP_STACK/TRANSPORT_LAYER/TRANSPORT_LAYER.yml</itemPath>
            </logicalFolder>
            <itemPath>../../0811AnyCloud3rd/PIC32MZW1_AnyCloud/firmware/src/config/default/default.mhc/System_Configuration/TCP_IP_STACK/TCP_IP_STACK.yml</itemPath>
          </logicalFolder>
          <itemPath>../../0811AnyCloud3rd/PIC32MZW1_AnyCloud/firmware/src/config/default/default.mhc/System_Configuration/atecc608.yml</itemPath>
          <itemPath>../../0811AnyCloud3rd/PIC32MZW1_AnyCloud/firmware/src/config/default/default.mhc/System_Configuration/core_timer.yml</itemPath>
          <itemPath>../../0811AnyCloud3rd/PIC32MZW1_AnyCloud/firmware/src/config/default/default.mhc/System_Configuration/cryptoauthlib.yml</itemPath>
          <itemPath>../../0811AnyCloud3rd/PIC32MZW1_AnyCloud/firmware/src/config/default/default.mhc/System_Configuration/cryptoauthlib_tng.yml</itemPath>
          <itemPath>../../0811AnyCloud3rd/PIC32MZW1_AnyCloud/firmware/src/config/default/default.mhc/System_Configuration/drvWifiPic32mzw1.yml</itemPath>
          <itemPath>../../0811AnyCloud3rd/PIC32MZW1_AnyCloud/firmware/src/config/default/default.mhc/System_Configuration/drv_ba414e.yml</itemPath>
          <itemPath>../../0811AnyCloud3rd/PIC32MZW1_AnyCloud/firmware/src/config/default/default.mhc/System_Configuration/i2c2.yml</itemPath>
          <itemPath>../../0811AnyCloud3rd/PIC32MZW1_AnyCloud/firmware/src/config/default/default.mhc/System_Configuration/lib_pahomqtt.yml</itemPath>
          <itemPath>../../0811AnyCloud3rd/PIC32MZW1_AnyCloud/firmware/src/config/default/default.mhc/System_Configuration/lib_wolfssl.yml</itemPath>
          <itemPath>../../0811AnyCloud3rd/PIC32MZW1_AnyCloud/firmware/src/config/default/default.mhc/System_Configuration/System_Configuration.yml</itemPath>
          <itemPath>../../0811AnyCloud3rd/PIC32MZW1_AnyCloud/firmware/src/config/default/default.mhc/System_Configuration/sys_console.yml</itemPath>
          <itemPath>../../0811AnyCloud3rd/PIC32MZW1_AnyCloud/firmware/src/config/default/default.mhc/System_Configuration/sys_debug.yml</itemPath>
          <itemPath>../../0811AnyCloud3rd/PIC32MZW1_AnyCloud/firmware/src/config/default/default.mhc/System_Configuration/tcpipNetConfig.yml</itemPath>
          <itemPath>../../0811AnyCloud3rd/PIC32MZW1_AnyCloud/firmware/src/config/default/default.mhc/System_Configuration/uart1.yml</itemPath>
        </logicalFolder>
        <itemPath>../../0811AnyCloud3rd/PIC32MZW1_AnyCloud/firmware/src/config/default/default.mhc/adchs.yml</itemPath>
        <itemPath>../../0811AnyCloud3rd/PIC32MZW1_AnyCloud/firmware/src/config/default/default.mhc/core.yml</itemPath>
        <itemPath>../../0811AnyCloud3rd/PIC32MZW1_AnyCloud/firmware/src/config/default/default.mhc/dfp.yml</itemPath>
        <itemPath>../../0811AnyCloud3rd/PIC32MZW1_AnyCloud/firmware/src/config/default/default.mhc/drv_memory.yml</itemPath>
        <itemPath>../../0811AnyCloud3rd/PIC32MZW1_AnyCloud/firmware/src/config/default/default.mhc/drv_sst26.yml</itemPath>
        <itemPath>../../0811AnyCloud3rd/PIC32MZW1_AnyCloud/firmware/src/config/default/default.mhc/drv_usbfs_v1.yml</itemPath>
        <itemPath>../../0811AnyCloud3rd/PIC32MZW1_AnyCloud/firmware/src/config/default/default.mhc/FreeRTOS.yml</itemPath>
        <itemPath>../../0811AnyCloud3rd/PIC32MZW1_AnyCloud/firmware/src/config/default/default.mhc/GraphSettings.yml</itemPath>
        <itemPath>../../0811AnyCloud3rd/PIC32MZW1_AnyCloud/firmware/src/config/default/default.mhc/HarmonyCore.yml</itemPath>
        <itemPath>../../0811AnyCloud3rd/PIC32MZW1_AnyCloud/firmware/src/config/default/default.mhc/lib_crypto.yml</itemPath>
        <itemPath>../../0811AnyCloud3rd/PIC32MZW1_AnyCloud/firmware/src/config/default/default.mhc/lib_wolfcrypt.yml</itemPath>
        <itemPath>../../0811AnyCloud3rd/PIC32MZW1_AnyCloud/firmware/src/config/default/default.mhc/ocmp2.yml</itemPath>
        <itemPath>../../0811AnyCloud3rd/PIC32MZW1_AnyCloud/firmware/src/config/default/default.mhc/project.yml</itemPath>
        <itemPath>../../0811AnyCloud3rd/PIC32MZW1_AnyCloud/firmware/src/config/default/default.mhc/rcon.yml</itemPath>
        <itemPath>../../0811AnyCloud3rd/PIC32MZW1_AnyCloud/firmware/src/config/default/default.mhc/rtcc.yml</itemPath>
        <itemPath>../../0811AnyCloud3rd/PIC32MZW1_AnyCloud/firmware/src/config/default/default.mhc/settings.yml</itemPath>
        <itemPath>../../0811AnyCloud3rd/PIC32MZW1_AnyCloud/firmware/src/config/default/default.mhc/spi1.yml</itemPath>
        <itemPath>../../0811AnyCloud3rd/PIC32MZW1_AnyCloud/firmware/src/config/default/default.mhc/stdio.yml</itemPath>
        <itemPath>../../0811AnyCloud3rd/PIC32MZW1_AnyCloud/firmware/src/config/default/default.mhc/sysMqttPic32mzw1.yml</itemPath>
        <itemPath>../../0811AnyCloud3rd/PIC32MZW1_AnyCloud/firmware/src/config/default/default.mhc/sysNetPic32mzw1.yml</itemPath>
        <itemPath>../../0811AnyCloud3rd/PIC32MZW1_AnyCloud/firmware/src/config/default/default.mhc/sysWifiPic32mzw1.yml</itemPath>
        <itemPath>../../0811AnyCloud3rd/PIC32MZW1_AnyCloud/firmware/src/config/default/default.mhc/sys_fs.yml</itemPath>
        <itemPath>../../0811AnyCloud3rd/PIC32MZW1_AnyCloud/firmware/src/config/default/default.mhc/sys_time.yml</itemPath>
        <itemPath>../../0811AnyCloud3rd/PIC32MZW1_AnyCloud/firmware/src/config/default/default.mhc/tcpipStack.yml</itemPath>
        <itemPath>../../0811AnyCloud3rd/PIC32MZW1_AnyCloud/firmware/src/config/default/default.mhc/tmr2.yml</itemPath>
        <itemPath>../../0811AnyCloud3rd/PIC32MZW1_AnyCloud/firmware/src/config/default/default.mhc/tmr3.yml</itemPath>
        <itemPath>../../0811AnyCloud3rd/PIC32MZW1_AnyCloud/firmware/src/config/default/default.mhc/uart2.yml</itemPath>
        <itemPath>../../0811AnyCloud3rd/PIC32MZW1_AnyCloud/firmware/src/config/default/default.mhc/usb_device.yml</itemPath>
        <itemPath>../../0811AnyCloud3rd/PIC32MZW1_AnyCloud/firmware/src/config/default/default.mhc/usb_device_msd.yml</itemPath>
      </logicalFolder>
      <itemPath>Makefile</itemPath>
      <itemPath>weatherClick.mc3</itemPath>
    </logicalFolder>
  </logicalFolder>
  <projectmakefile>Makefile</projectmakefile>
  <confs>
    <conf name="default" type="2">
      <toolsSet>
        <developmentServer>localhost</developmentServer>
        <targetDevice>PIC18F57Q43</targetDevice>
        <targetHeader/>
        <targetPluginBoard/>
        <platformTool>nEdbgTool</platformTool>
        <languageToolchain>XC8</languageToolchain>
        <languageToolchainVersion>2.36</languageToolchainVersion>
        <platform>3</platform>
      </toolsSet>
      <packs>
        <pack name="PIC18F-Q_DFP" vendor="Microchip" version="1.13.211"/>
      </packs>
      <ScriptingSettings>
      </ScriptingSettings>
      <compileType>
        <linkerTool>
          <linkerLibItems>
          </linkerLibItems>
        </linkerTool>
        <archiverTool>
        </archiverTool>
        <loading>
          <useAlternateLoadableFile>false</useAlternateLoadableFile>
          <parseOnProdLoad>false</parseOnProdLoad>
          <alternateLoadableFile/>
        </loading>
        <subordinates>
        </subordinates>
      </compileType>
      <makeCustomizationType>
        <makeCustomizationPreStepEnabled>false</makeCustomizationPreStepEnabled>
        <makeUseCleanTarget>false</makeUseCleanTarget>
        <makeCustomizationPreStep/>
        <makeCustomizationPostStepEnabled>false</makeCustomizationPostStepEnabled>
        <makeCustomizationPostStep/>
        <makeCustomizationPutChecksumInUserID>false</makeCustomizationPutChecksumInUserID>
        <makeCustomizationEnableLongLines>false</makeCustomizationEnableLongLines>
        <makeCustomizationNormalizeHexFile>false</makeCustomizationNormalizeHexFile>
      </makeCustomizationType>
      <HI-TECH-COMP>
        <property key="additional-warnings" value="true"/>
        <property key="asmlist" value="true"/>
        <property key="call-prologues" value="false"/>
        <property key="default-bitfield-type" value="true"/>
        <property key="default-char-type" value="true"/>
        <property key="define-macros" value=""/>
        <property key="disable-optimizations" value="true"/>
        <property key="extra-include-directories" value=""/>
        <property key="favor-optimization-for" value="-speed,+space"/>
        <property key="garbage-collect-data" value="true"/>
        <property key="garbage-collect-functions" value="true"/>
        <property key="identifier-length" value="255"/>
        <property key="local-generation" value="false"/>
        <property key="operation-mode" value="pro"/>
        <property key="opt-xc8-compiler-strict_ansi" value="false"/>
        <property key="optimization-assembler" value="true"/>
        <property key="optimization-assembler-files" value="false"/>
        <property key="optimization-debug" value="false"/>
        <property key="optimization-invariant-enable" value="false"/>
        <property key="optimization-invariant-value" value="16"/>
        <property key="optimization-level" value="-O0"/>
        <property key="optimization-speed" value="false"/>
        <property key="optimization-stable-enable" value="false"/>
        <property key="preprocess-assembler" value="true"/>
        <property key="short-enums" value="true"/>
        <property key="tentative-definitions" value="-fno-common"/>
        <property key="undefine-macros" value=""/>
        <property key="use-cci" value="false"/>
        <property key="use-iar" value="false"/>
        <property key="verbose" value="false"/>
        <property key="warning-level" value="-3"/>
        <property key="what-to-do" value="ignore"/>
      </HI-TECH-COMP>
      <HI-TECH-LINK>
        <property key="additional-options-checksum" value=""/>
        <property key="additional-options-code-offset" value=""/>
        <property key="additional-options-command-line" value=""/>
        <property key="additional-options-errata" value=""/>
        <property key="additional-options-extend-address" value="false"/>
        <property key="additional-options-trace-type" value=""/>
        <property key="additional-options-use-response-files" value="false"/>
        <property key="backup-reset-condition-flags" value="false"/>
        <property key="calibrate-oscillator" value="false"/>
        <property key="calibrate-oscillator-value" value="0x3400"/>
        <property key="clear-bss" value="true"/>
        <property key="code-model-external" value="wordwrite"/>
        <property key="code-model-rom" value=""/>
        <property key="create-html-files" value="false"/>
        <property key="data-model-ram" value=""/>
        <property key="data-model-size-of-double" value="32"/>
        <property key="data-model-size-of-double-gcc" value="no-short-double"/>
        <property key="data-model-size-of-float" value="32"/>
        <property key="data-model-size-of-float-gcc" value="no-short-float"/>
        <property key="display-class-usage" value="false"/>
        <property key="display-hex-usage" value="false"/>
        <property key="display-overall-usage" value="true"/>
        <property key="display-psect-usage" value="false"/>
        <property key="extra-lib-directories" value=""/>
        <property key="fill-flash-options-addr" value=""/>
        <property key="fill-flash-options-const" value=""/>
        <property key="fill-flash-options-how" value="0"/>
        <property key="fill-flash-options-inc-const" value="1"/>
        <property key="fill-flash-options-increment" value=""/>
        <property key="fill-flash-options-seq" value=""/>
        <property key="fill-flash-options-what" value="0"/>
        <property key="format-hex-file-for-download" value="false"/>
        <property key="initialize-data" value="true"/>
        <property key="input-libraries" value="libm"/>
        <property key="keep-generated-startup.as" value="false"/>
        <property key="link-in-c-library" value="true"/>
        <property key="link-in-c-library-gcc" value="-mc90lib"/>
        <property key="link-in-peripheral-library" value="false"/>
        <property key="managed-stack" value="false"/>
        <property key="opt-xc8-linker-file" value="false"/>
        <property key="opt-xc8-linker-link_startup" value="false"/>
        <property key="opt-xc8-linker-serial" value=""/>
        <property key="program-the-device-with-default-config-words" value="true"/>
        <property key="remove-unused-sections" value="true"/>
      </HI-TECH-LINK>
      <Tool>
        <property key="AutoSelectMemRanges" value="auto"/>
        <property key="Freeze Peripherals" value="true"/>
        <property key="ToolFirmwareFilePath" value="Press to browse for a specific firmware version"/>
        <property key="ToolFirmwareOption.UpdateOptions" value="ToolFirmwareOption.UseLatest"/>
        <property key="ToolFirmwareToolPack" value="Press to select which tool pack to use"/>
        <property key="communication.activationmode" value="nohv"/>
        <property key="communication.interface" value=""/>
        <property key="communication.interface.jtag" value="2wire"/>
        <property key="communication.speed" value="${communication.speed.default}"/>
        <property key="debugoptions.debug-startup" value="Use system settings"/>
        <property key="debugoptions.reset-behaviour" value="Use system settings"/>
        <property key="debugoptions.simultaneous.debug" value="false"/>
        <property key="debugoptions.useswbreakpoints" value="false"/>
        <property key="firmware.path" value="Press to browse for a specific firmware version"/>
        <property key="firmware.toolpack" value="Press to select which tool pack to use"/>
        <property key="firmware.update.action" value="firmware.update.use.latest"/>
        <property key="freeze.timers" value="false"/>
        <property key="memories.aux" value="false"/>
        <property key="memories.bootflash" value="true"/>
        <property key="memories.configurationmemory" value="true"/>
        <property key="memories.configurationmemory2" value="true"/>
        <property key="memories.dataflash" value="true"/>
        <property key="memories.eeprom" value="true"/>
        <property key="memories.exclude.configurationmemory" value="true"/>
        <property key="memories.flashdata" value="true"/>
        <property key="memories.id" value="true"/>
        <property key="memories.instruction.ram.ranges" value="${memories.instruction.ram.ranges}"/>
        <property key="memories.programmemory" value="true"/>
        <property key="memories.programmemory.ranges" value="0-1ffff"/>
        <property key="poweroptions.powerenable" value="false"/>
        <property key="programoptions.donoteraseauxmem" value="false"/>
        <property key="programoptions.eraseb4program" value="true"/>
        <property key="programoptions.pgmentry.voltage" value="low"/>
        <property key="programoptions.pgmspeed" value="Med"/>
        <property key="programoptions.preservedataflash" value="false"/>
        <property key="programoptions.preservedataflash.ranges" value="${memories.dataflash.default}"/>
        <property key="programoptions.preserveeeprom" value="false"/>
        <property key="programoptions.preserveeeprom.ranges" value="380000-3803ff"/>
        <property key="programoptions.preserveprogram.ranges" value=""/>
        <property key="programoptions.preserveprogramrange" value="false"/>
        <property key="programoptions.preserveuserid" value="false"/>
        <property key="programoptions.program.otpconfig" value="false"/>
        <property key="programoptions.programcalmem" value="false"/>
        <property key="programoptions.programuserotp" value="false"/>
        <property key="programoptions.testmodeentrymethod" value="VDDFirst"/>
        <property key="toolpack.updateoptions" value="toolpack.updateoptions.uselatestoolpack"/>
        <property key="toolpack.updateoptions.packversion" value="Press to select which tool pack to use"/>
        <property key="voltagevalue" value=""/>
      </Tool>
      <XC8-CO>
        <property key="coverage-enable" value=""/>
        <property key="stack-guidance" value="false"/>
      </XC8-CO>
      <XC8-config-global>
        <property key="advanced-elf" value="true"/>
        <property key="gcc-opt-driver-new" value="true"/>
        <property key="gcc-opt-std" value="-std=c99"/>
        <property key="gcc-output-file-format" value="dwarf-3"/>
        <property key="omit-pack-options" value="false"/>
        <property key="omit-pack-options-new" value="1"/>
        <property key="output-file-format" value="-mcof,+elf"/>
        <property key="stack-size-high" value="auto"/>
        <property key="stack-size-low" value="auto"/>
        <property key="stack-size-main" value="auto"/>
        <property key="stack-type" value="compiled"/>
        <property key="user-pack-device-support" value=""/>
        <property key="wpo-lto" value="false"/>
      </XC8-config-global>
      <nEdbgTool>
        <property key="AutoSelectMemRanges" value="auto"/>
        <property key="Freeze Peripherals" value="true"/>
        <property key="communication.activationmode" value="nohv"/>
        <property key="communication.interface" value=""/>
        <property key="communication.speed" value="${communication.speed.default}"/>
        <property key="debugoptions.debug-startup" value="Use system settings"/>
        <property key="debugoptions.reset-behaviour" value="Use system settings"/>
        <property key="debugoptions.useswbreakpoints" value="false"/>
        <property key="firmware.path" value="Press to browse for a specific firmware version"/>
        <property key="firmware.toolpack" value="Press to select which tool pack to use"/>
        <property key="firmware.update.action" value="firmware.update.use.latest"/>
        <property key="freeze.timers" value="false"/>
        <property key="memories.aux" value="false"/>
        <property key="memories.bootflash" value="true"/>
        <property key="memories.configurationmemory" value="true"/>
        <property key="memories.configurationmemory2" value="true"/>
        <property key="memories.dataflash" value="true"/>
        <property key="memories.eeprom" value="true"/>
        <property key="memories.exclude.configurationmemory" value="true"/>
        <property key="memories.flashdata" value="true"/>
        <property key="memories.id" value="true"/>
        <property key="memories.instruction.ram.ranges" value="${memories.instruction.ram.ranges}"/>
        <property key="memories.programmemory" value="true"/>
        <property key="memories.programmemory.ranges" value="0-1ffff"/>
        <property key="poweroptions.powerenable" value="false"/>
        <property key="programoptions.eraseb4program" value="true"/>
        <property key="programoptions.preservedataflash" value="false"/>
        <property key="programoptions.preservedataflash.ranges" value="${memories.dataflash.default}"/>
        <property key="programoptions.preserveeeprom" value="false"/>
        <property key="programoptions.preserveeeprom.ranges" value="380000-3803ff"/>
        <property key="programoptions.preserveprogram.ranges" value=""/>
        <property key="programoptions.preserveprogramrange" value="false"/>
        <property key="programoptions.preserveuserid" value="false"/>
        <property key="programoptions.programuserotp" value="false"/>
        <property key="toolpack.updateoptions" value="toolpack.updateoptions.uselatestoolpack"/>
        <property key="toolpack.updateoptions.packversion" value="Press to select which tool pack to use"/>
        <property key="voltagevalue" value=""/>
      </nEdbgTool>
      <pkob4hybrid>
        <property key="AutoSelectMemRanges" value="auto"/>
        <property key="Freeze Peripherals" value="true"/>
        <property key="ToolFirmwareFilePath" value="Press to browse for a specific firmware version"/>
        <property key="ToolFirmwareOption.UpdateOptions" value="ToolFirmwareOption.UseLatest"/>
        <property key="ToolFirmwareToolPack" value="Press to select which tool pack to use"/>
        <property key="communication.interface" value=""/>
        <property key="communication.interface.jtag" value="2wire"/>
        <property key="communication.speed" value="${communication.speed.default}"/>
        <property key="debugoptions.debug-startup" value="Use system settings"/>
        <property key="debugoptions.reset-behaviour" value="Use system settings"/>
        <property key="debugoptions.simultaneous.debug" value="false"/>
        <property key="debugoptions.useswbreakpoints" value="false"/>
        <property key="freeze.timers" value="false"/>
        <property key="memories.aux" value="false"/>
        <property key="memories.bootflash" value="true"/>
        <property key="memories.configurationmemory" value="true"/>
        <property key="memories.configurationmemory2" value="true"/>
        <property key="memories.dataflash" value="true"/>
        <property key="memories.eeprom" value="true"/>
        <property key="memories.exclude.configurationmemory" value="true"/>
        <property key="memories.flashdata" value="true"/>
        <property key="memories.id" value="true"/>
        <property key="memories.instruction.ram.ranges" value="${memories.instruction.ram.ranges}"/>
        <property key="memories.programmemory" value="true"/>
        <property key="memories.programmemory.ranges" value="0-1ffff"/>
        <property key="programoptions.donoteraseauxmem" value="false"/>
        <property key="programoptions.eraseb4program" value="true"/>
        <property key="programoptions.pgmentry.voltage" value="low"/>
        <property key="programoptions.pgmspeed" value="Med"/>
        <property key="programoptions.preservedataflash" value="false"/>
        <property key="programoptions.preservedataflash.ranges" value="${memories.dataflash.default}"/>
        <property key="programoptions.preserveeeprom" value="false"/>
        <property key="programoptions.preserveeeprom.ranges" value="380000-3803ff"/>
        <property key="programoptions.preserveprogram.ranges" value=""/>
        <property key="programoptions.preserveprogramrange" value="false"/>
        <property key="programoptions.preserveuserid" value="false"/>
        <property key="programoptions.program.otpconfig" value="false"/>
        <property key="programoptions.programcalmem" value="false"/>
        <property key="programoptions.programuserotp" value="false"/>
        <property key="programoptions.testmodeentrymethod" value="VDDFirst"/>
        <property key="toolpack.updateoptions" value="toolpack.updateoptions.uselatestoolpack"/>
        <property key="toolpack.updateoptions.packversion" value="Press to select which tool pack to use"/>
      </pkob4hybrid>
    </conf>
  </confs>
</configurationDescriptor>